street,city,zip,state,beds,baths,sq__ft,type,sale_date,price,latitude,longitude
5912 DEEPDALE WAY,ELK GROVE,95758,CA,5,3,3468,Residential,Mon May 19 00:00:00 EDT 2008,320000,38.439565,-121.436606
4712 PISMO BEACH DR,ANTELOPE,95843,CA,5,3,2346,Residential,Mon May 19 00:00:00 EDT 2008,320000,38.707705,-121.354153
4741 PACIFIC PARK DR,ANTELOPE,95843,CA,5,3,2347,Residential,Mon May 19 00:00:00 EDT 2008,325000,38.709299,-121.353056
310 GROTH CIR,SACRAMENTO,95834,CA,4,2,1659,Residential,Mon May 19 00:00:00 EDT 2008,328578,38.638764,-121.531827
6121 WILD FOX CT,ELK GROVE,95757,CA,3,3,2442,Residential,Mon May 19 00:00:00 EDT 2008,331000,38.406758,-121.431669
12241 CANYONLANDS DR,RANCHO CORDOVA,95742,CA,0,0,0,Residential,Mon May 19 00:00:00 EDT 2008,331500,38.557293,-121.217611
29 COOL FOUNTAIN CT,SACRAMENTO,95833,CA,4,2,2155,Residential,Mon May 19 00:00:00 EDT 2008,340000,38.606906,-121.54132
907 RIO ROBLES AVE,SACRAMENTO,95838,CA,0,0,0,Residential,Mon May 19 00:00:00 EDT 2008,344755,38.664765,-121.445006
8909 BILLFISH WAY,SACRAMENTO,95828,CA,3,2,1810,Residential,Mon May 19 00:00:00 EDT 2008,345746,38.475433,-121.372584
6232 GUS WAY,ELK GROVE,95757,CA,4,2,2789,Residential,Mon May 19 00:00:00 EDT 2008,351000,38.388129,-121.43117
200 OAKWILDE ST,GALT,95632,CA,4,2,1606,Residential,Mon May 19 00:00:00 EDT 2008,353767,38.2535,-121.31812
1033 PARK STREAM DR,GALT,95632,CA,0,0,0,Residential,Mon May 19 00:00:00 EDT 2008,355000,38.287785,-121.289903
200 ALLAIRE CIR,SACRAMENTO,95835,CA,4,2,2166,Residential,Mon May 19 00:00:00 EDT 2008,356035,38.68318,-121.53484
1322 SUTTER WALK,SACRAMENTO,95816,CA,0,0,0,Condo,Mon May 19 00:00:00 EDT 2008,360000,38.53805,-121.5047
5479 NICKMAN WAY,SACRAMENTO,95835,CA,4,2,1871,Residential,Mon May 19 00:00:00 EDT 2008,360552,38.672966,-121.502748
2103 BURBERRY WAY,SACRAMENTO,95835,CA,3,2,1800,Residential,Mon May 19 00:00:00 EDT 2008,362305,38.67342,-121.508542
2450 SAN JOSE WAY,SACRAMENTO,95817,CA,3,1,1683,Residential,Mon May 19 00:00:00 EDT 2008,365000,38.553596,-121.459483
7641 ROSEHALL DR,ROSEVILLE,95678,CA,3,2,0,Residential,Mon May 19 00:00:00 EDT 2008,367554,38.791617,-121.286147
1336 LAYSAN TEAL DR,ROSEVILLE,95747,CA,0,0,0,Residential,Mon May 19 00:00:00 EDT 2008,368500,38.796121,-121.319963
2802 BLACK OAK DR,ROCKLIN,95765,CA,2,2,1596,Residential,Mon May 19 00:00:00 EDT 2008,370000,38.837006,-121.232024
2113 FALL TRAIL CT,PLACERVILLE,95667,CA,4,2,0,Residential,Mon May 19 00:00:00 EDT 2008,371086,38.733155,-120.748039
10112 LAMBEAU CT,ELK GROVE,95757,CA,3,2,1179,Residential,Mon May 19 00:00:00 EDT 2008,378000,38.390328,-121.448022
6313 CASTRO VERDE WAY,ELK GROVE,95757,CA,0,0,0,Residential,Mon May 19 00:00:00 EDT 2008,383000,38.381102,-121.42901
3622 CURTIS DR,SACRAMENTO,95818,CA,3,1,1639,Residential,Mon May 19 00:00:00 EDT 2008,388000,38.541735,-121.480098
11817 OPAL RIDGE WAY,RANCHO CORDOVA,95742,CA,5,3,3281,Residential,Mon May 19 00:00:00 EDT 2008,395100,38.551083,-121.237476
170 LAGOMARSINO WAY,SACRAMENTO,95819,CA,3,2,1697,Residential,Mon May 19 00:00:00 EDT 2008,400000,38.574894,-121.435806
2743 DEAKIN PL,EL DORADO HILLS,95762,CA,3,2,0,Residential,Mon May 19 00:00:00 EDT 2008,400000,38.69288,-121.073551
3361 ALDER CANYON WAY,ANTELOPE,95843,CA,4,3,2085,Residential,Mon May 19 00:00:00 EDT 2008,408431,38.727649,-121.385656
2148 RANCH VIEW DR,ROCKLIN,95765,CA,0,0,0,Residential,Mon May 19 00:00:00 EDT 2008,413000,38.837455,-121.289337
398 LINDLEY DR,SACRAMENTO,95815,CA,4,2,1744,Multi-Family,Mon May 19 00:00:00 EDT 2008,416767,38.622359,-121.457582
3013 BRIDLEWOOD DR,EL DORADO HILLS,95762,CA,4,3,0,Residential,Mon May 19 00:00:00 EDT 2008,420000,38.675519,-121.015862
169 BAURER CIR,FOLSOM,95630,CA,4,3,1939,Residential,Mon May 19 00:00:00 EDT 2008,423000,38.66695,-121.120729
2809 LOON CT,CAMERON PARK,95682,CA,4,2,0,Residential,Mon May 19 00:00:00 EDT 2008,423000,38.687072,-121.004729
1315 KONDOS AVE,SACRAMENTO,95814,CA,2,3,1788,Residential,Mon May 19 00:00:00 EDT 2008,427500,38.571943,-121.492106
4966 CHARTER RD,ROCKLIN,95765,CA,3,2,1691,Residential,Mon May 19 00:00:00 EDT 2008,430922,38.82553,-121.254698
9516 LAGUNA LAKE WAY,ELK GROVE,95758,CA,4,2,2002,Residential,Mon May 19 00:00:00 EDT 2008,445000,38.411258,-121.431348
5201 BLOSSOM RANCH DR,ELK GROVE,95757,CA,4,4,4303,Residential,Mon May 19 00:00:00 EDT 2008,450000,38.399436,-121.444041
3027 PALMATE WAY,SACRAMENTO,95834,CA,5,3,4246,Residential,Mon May 19 00:00:00 EDT 2008,452000,38.628955,-121.529269
500 WINCHESTER CT,ROSEVILLE,95661,CA,3,2,2274,Residential,Mon May 19 00:00:00 EDT 2008,470000,38.73988,-121.248929
5746 GELSTON WAY,EL DORADO HILLS,95762,CA,4,3,0,Residential,Mon May 19 00:00:00 EDT 2008,471000,38.677015,-121.034083
6935 ELM TREE LN,ORANGEVALE,95662,CA,4,4,3056,Residential,Mon May 19 00:00:00 EDT 2008,475000,38.693041,-121.23294
9605 GOLF COURSE LN,ELK GROVE,95758,CA,3,3,2503,Residential,Mon May 19 00:00:00 EDT 2008,484500,38.409689,-121.446059
719 BAYWOOD CT,EL DORADO HILLS,95762,CA,5,3,0,Residential,Mon May 19 00:00:00 EDT 2008,487500,38.647598,-121.077801
5954 TANUS CIR,ROCKLIN,95677,CA,3,3,0,Residential,Mon May 19 00:00:00 EDT 2008,488750,38.777585,-121.2036
100 CHELSEA CT,FOLSOM,95630,CA,3,2,1905,Residential,Mon May 19 00:00:00 EDT 2008,500000,38.69435,-121.177259
1500 ORANGE HILL LN,PENRYN,95663,CA,3,2,1320,Residential,Mon May 19 00:00:00 EDT 2008,506688,38.862708,-121.162092
408 KIRKWOOD CT,LINCOLN,95648,CA,2,2,0,Residential,Mon May 19 00:00:00 EDT 2008,512000,38.861615,-121.26869
1732 TUSCAN GROVE CIR,ROSEVILLE,95747,CA,5,3,0,Residential,Mon May 19 00:00:00 EDT 2008,520000,38.796683,-121.342555
2049 EMPIRE MINE CIR,GOLD RIVER,95670,CA,4,2,3037,Residential,Mon May 19 00:00:00 EDT 2008,528000,38.629299,-121.249021
9360 MAGOS RD,WILTON,95693,CA,5,2,3741,Residential,Mon May 19 00:00:00 EDT 2008,579093,38.416809,-121.240628
104 CATLIN CT,FOLSOM,95630,CA,4,3,2660,Residential,Mon May 19 00:00:00 EDT 2008,636000,38.684459,-121.145935
4734 GIBBONS DR,CARMICHAEL,95608,CA,4,3,3357,Residential,Mon May 19 00:00:00 EDT 2008,668365,38.63558,-121.353639
4629 DORCHESTER LN,GRANITE BAY,95746,CA,5,3,2896,Residential,Mon May 19 00:00:00 EDT 2008,676200,38.723545,-121.216025
2400 COUNTRYSIDE DR,PLACERVILLE,95667,CA,3,2,2025,Residential,Mon May 19 00:00:00 EDT 2008,677048,38.737452,-120.910963
12901 FURLONG DR,WILTON,95693,CA,5,3,3788,Residential,Mon May 19 00:00:00 EDT 2008,691659,38.413535,-121.188211
6222 CALLE MONTALVO CIR,GRANITE BAY,95746,CA,5,3,3670,Residential,Mon May 19 00:00:00 EDT 2008,760000,38.779435,-121.146676
20 CRYSTALWOOD CIR,LINCOLN,95648,CA,0,0,0,Residential,Mon May 19 00:00:00 EDT 2008,4897,38.885327,-121.289412
24 CRYSTALWOOD CIR,LINCOLN,95648,CA,0,0,0,Residential,Mon May 19 00:00:00 EDT 2008,4897,38.885132,-121.289405
28 CRYSTALWOOD CIR,LINCOLN,95648,CA,0,0,0,Residential,Mon May 19 00:00:00 EDT 2008,4897,38.884936,-121.289397
32 CRYSTALWOOD CIR,LINCOLN,95648,CA,0,0,0,Residential,Mon May 19 00:00:00 EDT 2008,4897,38.884741,-121.28939
36 CRYSTALWOOD CIR,LINCOLN,95648,CA,0,0,0,Residential,Mon May 19 00:00:00 EDT 2008,4897,38.884599,-121.289406
40 CRYSTALWOOD CIR,LINCOLN,95648,CA,0,0,0,Residential,Mon May 19 00:00:00 EDT 2008,4897,38.884535,-121.289619
44 CRYSTALWOOD CIR,LINCOLN,95648,CA,0,0,0,Residential,Mon May 19 00:00:00 EDT 2008,4897,38.88459,-121.289835
48 CRYSTALWOOD CIR,LINCOLN,95648,CA,0,0,0,Residential,Mon May 19 00:00:00 EDT 2008,4897,38.884667,-121.289896
52 CRYSTALWOOD CIR,LINCOLN,95648,CA,0,0,0,Residential,Mon May 19 00:00:00 EDT 2008,4897,38.88478,-121.289911
68 CRYSTALWOOD CIR,LINCOLN,95648,CA,0,0,0,Residential,Mon May 19 00:00:00 EDT 2008,4897,38.885236,-121.289928
72 CRYSTALWOOD CIR,LINCOLN,95648,CA,0,0,0,Residential,Mon May 19 00:00:00 EDT 2008,4897,38.88535,-121.289926
76 CRYSTALWOOD CIR,LINCOLN,95648,CA,0,0,0,Residential,Mon May 19 00:00:00 EDT 2008,4897,38.885464,-121.289922
80 CRYSTALWOOD CIR,LINCOLN,95648,CA,0,0,0,Residential,Mon May 19 00:00:00 EDT 2008,4897,38.885578,-121.289919
84 CRYSTALWOOD CIR,LINCOLN,95648,CA,0,0,0,Residential,Mon May 19 00:00:00 EDT 2008,4897,38.885692,-121.289915
88 CRYSTALWOOD CIR,LINCOLN,95648,CA,0,0,0,Residential,Mon May 19 00:00:00 EDT 2008,4897,38.885806,-121.289911
92 CRYSTALWOOD CIR,LINCOLN,95648,CA,0,0,0,Residential,Mon May 19 00:00:00 EDT 2008,4897,38.88592,-121.289908
96 CRYSTALWOOD CIR,LINCOLN,95648,CA,0,0,0,Residential,Mon May 19 00:00:00 EDT 2008,4897,38.886024,-121.289859
100 CRYSTALWOOD CIR,LINCOLN,95648,CA,0,0,0,Residential,Mon May 19 00:00:00 EDT 2008,4897,38.886091,-121.289744
434 1ST ST,LINCOLN,95648,CA,0,0,0,Residential,Mon May 19 00:00:00 EDT 2008,4897,38.88653,-121.289406
3 E ST,LINCOLN,95648,CA,0,0,0,Residential,Mon May 19 00:00:00 EDT 2008,4897,38.884692,-121.290288
11 E ST,LINCOLN,95648,CA,0,0,0,Residential,Mon May 19 00:00:00 EDT 2008,4897,38.884879,-121.290257
19 E ST,LINCOLN,95648,CA,0,0,0,Residential,Mon May 19 00:00:00 EDT 2008,4897,38.885017,-121.290262
27 E ST,LINCOLN,95648,CA,0,0,0,Residential,Mon May 19 00:00:00 EDT 2008,4897,38.885173,-121.29027
35 E ST,LINCOLN,95648,CA,0,0,0,Residential,Mon May 19 00:00:00 EDT 2008,4897,38.885328,-121.290275
43 E ST,LINCOLN,95648,CA,0,0,0,Residential,Mon May 19 00:00:00 EDT 2008,4897,38.885483,-121.290277
51 E ST,LINCOLN,95648,CA,4,2,0,Residential,Mon May 19 00:00:00 EDT 2008,4897,38.885638,-121.290279
59 E ST,LINCOLN,95648,CA,3,2,0,Residential,Mon May 19 00:00:00 EDT 2008,4897,38.885794,-121.290281
75 E ST,LINCOLN,95648,CA,3,2,0,Residential,Mon May 19 00:00:00 EDT 2008,4897,38.886104,-121.290285
63 CRYSTALWOOD CIR,LINCOLN,95648,CA,0,0,0,Residential,Mon May 19 00:00:00 EDT 2008,4897,38.885093,-121.289932
398 1ST ST,LINCOLN,95648,CA,0,0,0,Residential,Mon May 19 00:00:00 EDT 2008,4897,38.88653,-121.288952
386 1ST ST,LINCOLN,95648,CA,0,0,0,Residential,Mon May 19 00:00:00 EDT 2008,4897,38.886528,-121.288869
374 1ST ST,LINCOLN,95648,CA,0,0,0,Residential,Mon May 19 00:00:00 EDT 2008,4897,38.886525,-121.288787
116 CRYSTALWOOD WAY,LINCOLN,95648,CA,0,0,0,Residential,Mon May 19 00:00:00 EDT 2008,4897,38.886282,-121.289586
108 CRYSTALWOOD WAY,LINCOLN,95648,CA,0,0,0,Residential,Mon May 19 00:00:00 EDT 2008,4897,38.886282,-121.289646
100 CRYSTALWOOD WAY,LINCOLN,95648,CA,0,0,0,Residential,Mon May 19 00:00:00 EDT 2008,4897,38.886282,-121.289706
55 CRYSTALWOOD CIR,LINCOLN,95648,CA,0,0,0,Residential,Mon May 19 00:00:00 EDT 2008,4897,38.884865,-121.289922
51 CRYSTALWOOD CIR,LINCOLN,95648,CA,0,0,0,Residential,Mon May 19 00:00:00 EDT 2008,4897,38.884752,-121.289907
47 CRYSTALWOOD CIR,LINCOLN,95648,CA,0,0,0,Residential,Mon May 19 00:00:00 EDT 2008,4897,38.884638,-121.289893
43 CRYSTALWOOD CIR,LINCOLN,95648,CA,0,0,0,Residential,Mon May 19 00:00:00 EDT 2008,4897,38.884568,-121.289784
39 CRYSTALWOOD CIR,LINCOLN,95648,CA,0,0,0,Residential,Mon May 19 00:00:00 EDT 2008,4897,38.884546,-121.289562
35 CRYSTALWOOD CIR,LINCOLN,95648,CA,0,0,0,Residential,Mon May 19 00:00:00 EDT 2008,4897,38.884645,-121.289397
31 CRYSTALWOOD CIR,LINCOLN,95648,CA,0,0,0,Residential,Mon May 19 00:00:00 EDT 2008,4897,38.88479,-121.289392
27 CRYSTALWOOD CIR,LINCOLN,95648,CA,0,0,0,Residential,Mon May 19 00:00:00 EDT 2008,4897,38.884985,-121.289399
23 CRYSTALWOOD CIR,LINCOLN,95648,CA,0,0,0,Residential,Mon May 19 00:00:00 EDT 2008,4897,38.885181,-121.289406
19 CRYSTALWOOD CIR,LINCOLN,95648,CA,0,0,0,Residential,Mon May 19 00:00:00 EDT 2008,4897,38.885376,-121.289414
15 CRYSTALWOOD CIR,LINCOLN,95648,CA,0,0,0,Residential,Mon May 19 00:00:00 EDT 2008,4897,38.885571,-121.289421
7 CRYSTALWOOD CIR,LINCOLN,95648,CA,0,0,0,Residential,Mon May 19 00:00:00 EDT 2008,4897,38.885962,-121.289436
7 CRYSTALWOOD CIR,LINCOLN,95648,CA,0,0,0,Residential,Mon May 19 00:00:00 EDT 2008,4897,38.885962,-121.289436
3 CRYSTALWOOD CIR,LINCOLN,95648,CA,0,0,0,Residential,Mon May 19 00:00:00 EDT 2008,4897,38.886093,-121.289584
8208 WOODYARD WAY,CITRUS HEIGHTS,95621,CA,3,2,1166,Residential,Fri May 16 00:00:00 EDT 2008,30000,38.715322,-121.314787
113 RINETTI WAY,RIO LINDA,95673,CA,0,0,0,Residential,Fri May 16 00:00:00 EDT 2008,30000,38.687172,-121.463933
15 LOORZ CT,SACRAMENTO,95823,CA,2,1,838,Residential,Fri May 16 00:00:00 EDT 2008,55422,38.471646,-121.435158
5805 DOTMAR WAY,NORTH HIGHLANDS,95660,CA,2,1,904,Residential,Fri May 16 00:00:00 EDT 2008,63000,38.672642,-121.380343
2332 CAMBRIDGE ST,SACRAMENTO,95815,CA,2,1,1032,Residential,Fri May 16 00:00:00 EDT 2008,65000,38.608085,-121.449651
3812 BELDEN ST,SACRAMENTO,95838,CA,2,1,904,Residential,Fri May 16 00:00:00 EDT 2008,65000,38.636833,-121.44164
3348 40TH ST,SACRAMENTO,95817,CA,2,1,1080,Residential,Fri May 16 00:00:00 EDT 2008,65000,38.544162,-121.460652
127 QUASAR CIR,SACRAMENTO,95822,CA,2,2,990,Residential,Fri May 16 00:00:00 EDT 2008,66500,38.493504,-121.475304
3812 CYPRESS ST,SACRAMENTO,95838,CA,2,1,900,Residential,Fri May 16 00:00:00 EDT 2008,71000,38.636877,-121.444948
5821 64TH ST,SACRAMENTO,95824,CA,2,1,861,Residential,Fri May 16 00:00:00 EDT 2008,75000,38.521202,-121.428146
8248 CENTER PKWY,SACRAMENTO,95823,CA,2,1,906,Condo,Fri May 16 00:00:00 EDT 2008,77000,38.459002,-121.428794
1171 SONOMA AVE,SACRAMENTO,95815,CA,2,1,1011,Residential,Fri May 16 00:00:00 EDT 2008,85000,38.6238,-121.439872
4250 ARDWELL WAY,SACRAMENTO,95823,CA,3,2,1089,Residential,Fri May 16 00:00:00 EDT 2008,95625,38.466938,-121.455631
3104 CLAY ST,SACRAMENTO,95815,CA,2,1,832,Residential,Fri May 16 00:00:00 EDT 2008,96140,38.62391,-121.439208
6063 LAND PARK DR,SACRAMENTO,95822,CA,2,1,800,Condo,Fri May 16 00:00:00 EDT 2008,104250,38.517029,-121.513809
4738 OAKHOLLOW DR,SACRAMENTO,95842,CA,4,2,1292,Residential,Fri May 16 00:00:00 EDT 2008,105000,38.679598,-121.356035
1401 STERLING ST,SACRAMENTO,95822,CA,2,1,810,Residential,Fri May 16 00:00:00 EDT 2008,108000,38.520319,-121.504727
3715 DIDCOT CIR,SACRAMENTO,95838,CA,4,2,1064,Residential,Fri May 16 00:00:00 EDT 2008,109000,38.635232,-121.460098
2426 RASHAWN DR,RANCHO CORDOVA,95670,CA,2,1,911,Residential,Fri May 16 00:00:00 EDT 2008,115000,38.610852,-121.273278
4800 WESTLAKE PKWY Unit 410,SACRAMENTO,95835,CA,1,1,846,Condo,Fri May 16 00:00:00 EDT 2008,115000,38.658812,-121.542345
3409 VIRGO ST,SACRAMENTO,95827,CA,3,2,1320,Residential,Fri May 16 00:00:00 EDT 2008,115500,38.563402,-121.327747
1110 PINEDALE AVE,SACRAMENTO,95838,CA,3,2,1410,Residential,Fri May 16 00:00:00 EDT 2008,115620,38.660173,-121.440216
2361 LA LOMA DR,RANCHO CORDOVA,95670,CA,3,2,1115,Residential,Fri May 16 00:00:00 EDT 2008,116000,38.59368,-121.316054
1455 64TH AVE,SACRAMENTO,95822,CA,3,2,1169,Residential,Fri May 16 00:00:00 EDT 2008,122000,38.492177,-121.503392
7328 SPRINGMAN ST,SACRAMENTO,95822,CA,3,2,1164,Residential,Fri May 16 00:00:00 EDT 2008,122500,38.491991,-121.477636
119 SAINT MARIE CIR,SACRAMENTO,95823,CA,4,2,1341,Residential,Fri May 16 00:00:00 EDT 2008,123000,38.481454,-121.446644
12 COSTA BRASE CT,SACRAMENTO,95838,CA,3,2,1219,Residential,Fri May 16 00:00:00 EDT 2008,124000,38.655554,-121.464275
6813 SCOTER WAY,SACRAMENTO,95842,CA,4,2,1127,Residential,Fri May 16 00:00:00 EDT 2008,124000,38.69043,-121.361035
6548 GRAYLOCK LN,NORTH HIGHLANDS,95660,CA,3,2,1272,Residential,Fri May 16 00:00:00 EDT 2008,124413,38.686061,-121.369949
1630 GLIDDEN AVE,SACRAMENTO,95822,CA,4,2,1253,Residential,Fri May 16 00:00:00 EDT 2008,125000,38.482717,-121.499683
7825 DALEWOODS WAY,SACRAMENTO,95828,CA,3,2,1120,Residential,Fri May 16 00:00:00 EDT 2008,130000,38.477297,-121.411513
4073 TRESLER AVE,NORTH HIGHLANDS,95660,CA,2,2,1118,Residential,Fri May 16 00:00:00 EDT 2008,131750,38.659016,-121.370457
4288 DYMIC WAY,SACRAMENTO,95838,CA,4,3,1890,Residential,Fri May 16 00:00:00 EDT 2008,137721,38.646541,-121.441139
1158 SAN IGNACIO WAY,SACRAMENTO,95833,CA,3,2,1260,Residential,Fri May 16 00:00:00 EDT 2008,137760,38.623045,-121.486279
4904 J PKWY,SACRAMENTO,95823,CA,3,2,1400,Residential,Fri May 16 00:00:00 EDT 2008,138000,38.487297,-121.44295
2931 HOWE AVE,SACRAMENTO,95821,CA,3,1,1264,Residential,Fri May 16 00:00:00 EDT 2008,140000,38.619012,-121.415329
5531 JANSEN DR,SACRAMENTO,95824,CA,3,1,1060,Residential,Fri May 16 00:00:00 EDT 2008,145000,38.522015,-121.438713
7836 ORCHARD WOODS CIR,SACRAMENTO,95828,CA,2,2,1132,Residential,Fri May 16 00:00:00 EDT 2008,145000,38.47955,-121.410867
4055 DEERBROOK DR,SACRAMENTO,95823,CA,3,2,1466,Residential,Fri May 16 00:00:00 EDT 2008,150000,38.472117,-121.459589
9937 BURLINE ST,SACRAMENTO,95827,CA,3,2,1092,Residential,Fri May 16 00:00:00 EDT 2008,150000,38.559641,-121.32316
6948 MIRADOR WAY,SACRAMENTO,95828,CA,4,2,1628,Residential,Fri May 16 00:00:00 EDT 2008,151000,38.493484,-121.42035
4909 RUGER CT,SACRAMENTO,95842,CA,3,2,960,Residential,Fri May 16 00:00:00 EDT 2008,155000,38.68747,-121.349234
7204 KERSTEN ST,CITRUS HEIGHTS,95621,CA,3,2,1075,Residential,Fri May 16 00:00:00 EDT 2008,155800,38.695863,-121.300814
3150 ROSEMONT DR,SACRAMENTO,95826,CA,3,2,1428,Residential,Fri May 16 00:00:00 EDT 2008,156142,38.554927,-121.35521
8200 STEINBECK WAY,SACRAMENTO,95828,CA,4,2,1358,Residential,Fri May 16 00:00:00 EDT 2008,158000,38.474854,-121.404726
8198 STEVENSON AVE,SACRAMENTO,95828,CA,6,4,2475,Multi-Family,Fri May 16 00:00:00 EDT 2008,159900,38.465271,-121.40426
6824 OLIVE TREE WAY,CITRUS HEIGHTS,95610,CA,3,2,1410,Residential,Fri May 16 00:00:00 EDT 2008,160000,38.689239,-121.267737
3536 SUN MAIDEN WAY,ANTELOPE,95843,CA,3,2,1711,Residential,Fri May 16 00:00:00 EDT 2008,161500,38.70968,-121.382328
4517 OLYMPIAD WAY,SACRAMENTO,95826,CA,4,2,1483,Residential,Fri May 16 00:00:00 EDT 2008,161600,38.536751,-121.359154
925 COBDEN CT,GALT,95632,CA,3,2,1140,Residential,Fri May 16 00:00:00 EDT 2008,162000,38.282047,-121.295812
8225 SCOTTSDALE DR,SACRAMENTO,95828,CA,4,2,1549,Residential,Fri May 16 00:00:00 EDT 2008,165000,38.487864,-121.402476
8758 LEMAS RD,SACRAMENTO,95828,CA,3,2,1410,Residential,Fri May 16 00:00:00 EDT 2008,165000,38.467487,-121.377055
6121 ALPINESPRING WAY,ELK GROVE,95758,CA,3,2,1240,Residential,Fri May 16 00:00:00 EDT 2008,167293,38.434075,-121.432623
5937 YORK GLEN WAY,SACRAMENTO,95842,CA,5,2,1712,Residential,Fri May 16 00:00:00 EDT 2008,168000,38.677003,-121.354454
6417 SUNNYFIELD WAY,SACRAMENTO,95823,CA,4,2,1580,Residential,Fri May 16 00:00:00 EDT 2008,168000,38.449153,-121.428272
4008 GREY LIVERY WAY,ANTELOPE,95843,CA,3,2,1669,Residential,Fri May 16 00:00:00 EDT 2008,168750,38.71846,-121.370862
8920 ROSETTA CIR,SACRAMENTO,95826,CA,3,1,1029,Residential,Fri May 16 00:00:00 EDT 2008,168750,38.544374,-121.370874
8300 LICHEN DR,CITRUS HEIGHTS,95621,CA,3,1,1103,Residential,Fri May 16 00:00:00 EDT 2008,170000,38.71641,-121.306239
8884 AMBERJACK WAY,SACRAMENTO,95828,CA,3,2,2161,Residential,Fri May 16 00:00:00 EDT 2008,170250,38.479343,-121.372553
4480 VALLEY HI DR,SACRAMENTO,95823,CA,3,2,1650,Residential,Fri May 16 00:00:00 EDT 2008,173000,38.466781,-121.450955
2250 FOREBAY RD,POLLOCK PINES,95726,CA,3,1,1320,Residential,Fri May 16 00:00:00 EDT 2008,175000,38.77491,-120.597599
3529 FABERGE WAY,SACRAMENTO,95826,CA,3,2,1200,Residential,Fri May 16 00:00:00 EDT 2008,176095,38.553275,-121.346218
1792 DAWNELLE WAY,SACRAMENTO,95835,CA,3,2,1170,Residential,Fri May 16 00:00:00 EDT 2008,176250,38.68271,-121.501697
7800 TABARE CT,CITRUS HEIGHTS,95621,CA,3,2,1199,Residential,Fri May 16 00:00:00 EDT 2008,178000,38.70799,-121.302979
8531 HERMITAGE WAY,SACRAMENTO,95823,CA,4,2,1695,Residential,Fri May 16 00:00:00 EDT 2008,179000,38.448452,-121.428536
2421 BERRYWOOD DR,RANCHO CORDOVA,95670,CA,3,2,1157,Residential,Fri May 16 00:00:00 EDT 2008,180000,38.60868,-121.27849
1005 MORENO WAY,SACRAMENTO,95838,CA,3,2,1410,Residential,Fri May 16 00:00:00 EDT 2008,180000,38.646206,-121.442767
1675 VERNON ST Unit 24,ROSEVILLE,95678,CA,3,2,1174,Residential,Fri May 16 00:00:00 EDT 2008,180000,38.734136,-121.299639
24 WINDCHIME CT,SACRAMENTO,95823,CA,3,2,1593,Residential,Fri May 16 00:00:00 EDT 2008,181000,38.44617,-121.427824
540 HARLING CT,RIO LINDA,95673,CA,3,2,1093,Residential,Fri May 16 00:00:00 EDT 2008,182000,38.68279,-121.453509
1207 CRESCENDO DR,ROSEVILLE,95678,CA,3,2,1770,Residential,Fri May 16 00:00:00 EDT 2008,182587,38.72446,-121.292829
7577 EDDYLEE WAY,SACRAMENTO,95822,CA,4,2,1436,Residential,Fri May 16 00:00:00 EDT 2008,185074,38.48291,-121.491509
8369 FOPPIANO WAY,SACRAMENTO,95829,CA,3,2,1124,Residential,Fri May 16 00:00:00 EDT 2008,185833,38.453839,-121.357919
8817 SAWTELLE WAY,SACRAMENTO,95826,CA,4,2,1139,Residential,Fri May 16 00:00:00 EDT 2008,186785,38.565322,-121.374251
1910 BONAVISTA WAY,SACRAMENTO,95832,CA,3,2,1638,Residential,Fri May 16 00:00:00 EDT 2008,187000,38.476048,-121.494961
8 TIDE CT,SACRAMENTO,95833,CA,3,2,1328,Residential,Fri May 16 00:00:00 EDT 2008,188335,38.609864,-121.492304
8952 ROCKY CREEK CT,ELK GROVE,95758,CA,3,2,1273,Residential,Fri May 16 00:00:00 EDT 2008,190000,38.431239,-121.44001
435 EXCHANGE ST,SACRAMENTO,95838,CA,3,1,1082,Residential,Fri May 16 00:00:00 EDT 2008,190000,38.659434,-121.455236
10105 MONTE VALLO CT,SACRAMENTO,95827,CA,4,2,1578,Residential,Fri May 16 00:00:00 EDT 2008,190000,38.573917,-121.316916
3930 ANNABELLE AVE,ROSEVILLE,95661,CA,2,1,796,Residential,Fri May 16 00:00:00 EDT 2008,190000,38.727609,-121.226494
4854 TANGERINE AVE,SACRAMENTO,95823,CA,3,2,1386,Residential,Fri May 16 00:00:00 EDT 2008,191250,38.478239,-121.446326
2909 SHAWN WAY,RANCHO CORDOVA,95670,CA,3,2,1452,Residential,Fri May 16 00:00:00 EDT 2008,193000,38.589925,-121.299059
4290 BLACKFORD WAY,SACRAMENTO,95823,CA,3,2,1513,Residential,Fri May 16 00:00:00 EDT 2008,193500,38.470494,-121.454162
5890 TT TRAK,FORESTHILL,95631,CA,0,0,0,Residential,Fri May 16 00:00:00 EDT 2008,194818,39.020808,-120.821518
7015 WOODSIDE DR,SACRAMENTO,95842,CA,4,2,1578,Residential,Fri May 16 00:00:00 EDT 2008,195000,38.693071,-121.332365
6019 CHESHIRE WAY,CITRUS HEIGHTS,95610,CA,4,3,1736,Residential,Fri May 16 00:00:00 EDT 2008,195000,38.676437,-121.279165
3330 VILLAGE CT,CAMERON PARK,95682,CA,2,2,0,Residential,Fri May 16 00:00:00 EDT 2008,195000,38.690504,-120.996245
2561 VERNA WAY,SACRAMENTO,95821,CA,3,1,1473,Residential,Fri May 16 00:00:00 EDT 2008,195000,38.611055,-121.369964
3522 22ND AVE,SACRAMENTO,95820,CA,3,1,1150,Residential,Fri May 16 00:00:00 EDT 2008,198000,38.532725,-121.469078
2880 CANDIDO DR,SACRAMENTO,95833,CA,3,2,1127,Residential,Fri May 16 00:00:00 EDT 2008,199900,38.618019,-121.510215
6908 PIN OAK CT,FAIR OAKS,95628,CA,3,1,1144,Residential,Fri May 16 00:00:00 EDT 2008,200000,38.66424,-121.303675
5733 ANGELINA AVE,CARMICHAEL,95608,CA,3,1,972,Residential,Fri May 16 00:00:00 EDT 2008,201000,38.622634,-121.330846
7849 BONNY DOWNS WAY,ELK GROVE,95758,CA,4,2,2306,Residential,Fri May 16 00:00:00 EDT 2008,204918,38.42139,-121.411339
8716 LONGSPUR WAY,ANTELOPE,95843,CA,3,2,1479,Residential,Fri May 16 00:00:00 EDT 2008,205000,38.724083,-121.3584
6320 EL DORADO ST,EL DORADO,95623,CA,2,1,1040,Residential,Fri May 16 00:00:00 EDT 2008,205000,38.678758,-120.844118
2328 DOROTHY JUNE WAY,SACRAMENTO,95838,CA,3,2,1430,Residential,Fri May 16 00:00:00 EDT 2008,205878,38.641727,-121.412703
1986 DANVERS WAY,SACRAMENTO,95832,CA,4,2,1800,Residential,Fri May 16 00:00:00 EDT 2008,207000,38.47723,-121.492568
7901 GAZELLE TRAIL WAY,ANTELOPE,95843,CA,4,2,1953,Residential,Fri May 16 00:00:00 EDT 2008,207744,38.71174,-121.342675
6080 BRIDGECROSS DR,SACRAMENTO,95835,CA,3,2,1120,Residential,Fri May 16 00:00:00 EDT 2008,209000,38.681952,-121.505009
20 GROTH CIR,SACRAMENTO,95834,CA,3,2,1232,Residential,Fri May 16 00:00:00 EDT 2008,210000,38.640807,-121.533522
1900 DANBROOK DR,SACRAMENTO,95835,CA,1,1,984,Condo,Fri May 16 00:00:00 EDT 2008,210944,38.668433,-121.503471
140 VENTO CT,ROSEVILLE,95678,CA,3,2,0,Condo,Fri May 16 00:00:00 EDT 2008,212500,38.793533,-121.289685
8442 KEUSMAN ST,ELK GROVE,95758,CA,4,2,2329,Residential,Fri May 16 00:00:00 EDT 2008,213750,38.449651,-121.414704
9552 SUNLIGHT LN,ELK GROVE,95758,CA,3,2,1351,Residential,Fri May 16 00:00:00 EDT 2008,215000,38.410561,-121.404327
2733 YUMA CT,CAMERON PARK,95682,CA,2,2,0,Residential,Fri May 16 00:00:00 EDT 2008,215000,38.691215,-120.994949
1407 TIFFANY CIR,ROSEVILLE,95661,CA,4,1,1376,Residential,Fri May 16 00:00:00 EDT 2008,215000,38.736392,-121.2664
636 CRESTVIEW DR,DIAMOND SPRINGS,95619,CA,3,2,1300,Residential,Fri May 16 00:00:00 EDT 2008,216033,38.688255,-120.810235
1528 HESKET WAY,SACRAMENTO,95825,CA,4,2,1566,Residential,Fri May 16 00:00:00 EDT 2008,220000,38.593598,-121.403637
2327 32ND ST,SACRAMENTO,95817,CA,2,1,1115,Residential,Fri May 16 00:00:00 EDT 2008,220000,38.557433,-121.47034
1833 2ND AVE,SACRAMENTO,95818,CA,2,1,1032,Residential,Fri May 16 00:00:00 EDT 2008,220000,38.556818,-121.490669
7252 CARRIAGE DR,CITRUS HEIGHTS,95621,CA,4,2,1419,Residential,Fri May 16 00:00:00 EDT 2008,220000,38.698058,-121.294893
9815 PASO FINO WAY,ELK GROVE,95757,CA,3,2,1261,Residential,Fri May 16 00:00:00 EDT 2008,220000,38.404888,-121.443998
5532 ENGLE RD,CARMICHAEL,95608,CA,2,2,1637,Residential,Fri May 16 00:00:00 EDT 2008,220702,38.63173,-121.335286
1139 CLINTON RD,SACRAMENTO,95825,CA,4,2,1776,Multi-Family,Fri May 16 00:00:00 EDT 2008,221250,38.585291,-121.406824
9176 SAGE GLEN WAY,ELK GROVE,95758,CA,3,2,1338,Residential,Fri May 16 00:00:00 EDT 2008,222000,38.423913,-121.439115
9967 HATHERTON WAY,ELK GROVE,95757,CA,0,0,0,Residential,Fri May 16 00:00:00 EDT 2008,222500,38.3052,-121.4033
9264 BOULDER RIVER WAY,ELK GROVE,95624,CA,5,2,2254,Residential,Fri May 16 00:00:00 EDT 2008,222750,38.421713,-121.345191
320 GROTH CIR,SACRAMENTO,95834,CA,3,2,1441,Residential,Fri May 16 00:00:00 EDT 2008,225000,38.638882,-121.531883
137 GUNNISON AVE,SACRAMENTO,95838,CA,4,2,1991,Residential,Fri May 16 00:00:00 EDT 2008,225000,38.650729,-121.466483
8209 RIVALLO WAY,SACRAMENTO,95829,CA,4,3,2126,Residential,Fri May 16 00:00:00 EDT 2008,228750,38.459524,-121.3501
8637 PERIWINKLE CIR,ELK GROVE,95624,CA,3,2,1094,Residential,Fri May 16 00:00:00 EDT 2008,229000,38.443184,-121.364388
3425 MEADOW WAY,ROCKLIN,95677,CA,3,2,1462,Residential,Fri May 16 00:00:00 EDT 2008,230095,38.798028,-121.235364
107 JARVIS CIR,SACRAMENTO,95834,CA,5,3,2258,Residential,Fri May 16 00:00:00 EDT 2008,232500,38.639891,-121.537603
2319 THORES ST,RANCHO CORDOVA,95670,CA,3,2,1074,Residential,Fri May 16 00:00:00 EDT 2008,233000,38.59675,-121.312716
8935 MOUNTAIN HOME CT,ELK GROVE,95624,CA,4,2,2111,Residential,Fri May 16 00:00:00 EDT 2008,233500,38.38751,-121.370276
2566 SERENATA WAY,SACRAMENTO,95835,CA,3,2,1686,Residential,Fri May 16 00:00:00 EDT 2008,239000,38.671556,-121.520916
4085 COUNTRY DR,ANTELOPE,95843,CA,4,3,1915,Residential,Fri May 16 00:00:00 EDT 2008,240000,38.706209,-121.369509
9297 TROUT WAY,ELK GROVE,95624,CA,4,2,2367,Residential,Fri May 16 00:00:00 EDT 2008,240000,38.420637,-121.375798
7 ARCHIBALD CT,SACRAMENTO,95823,CA,3,2,1962,Residential,Fri May 16 00:00:00 EDT 2008,240971,38.443305,-121.435296
11130 EEL RIVER CT,RANCHO CORDOVA,95670,CA,2,2,1406,Residential,Fri May 16 00:00:00 EDT 2008,242000,38.625932,-121.271517
8323 REDBANK WAY,SACRAMENTO,95829,CA,3,2,1789,Residential,Fri May 16 00:00:00 EDT 2008,243450,38.455753,-121.349273
16 BRONCO CREEK CT,SACRAMENTO,95835,CA,4,2,1876,Residential,Fri May 16 00:00:00 EDT 2008,243500,38.674226,-121.525497
8316 NORTHAM DR,ANTELOPE,95843,CA,3,2,1235,Residential,Fri May 16 00:00:00 EDT 2008,246544,38.720767,-121.376678
4240 WINJE DR,ANTELOPE,95843,CA,4,2,2504,Residential,Fri May 16 00:00:00 EDT 2008,246750,38.70884,-121.359559
3569 SODA WAY,SACRAMENTO,95834,CA,0,0,0,Residential,Fri May 16 00:00:00 EDT 2008,247000,38.631139,-121.501879
5118 ROBANDER ST,CARMICHAEL,95608,CA,3,2,1676,Residential,Fri May 16 00:00:00 EDT 2008,247000,38.657267,-121.310352
5976 KYLENCH CT,CITRUS HEIGHTS,95621,CA,3,2,1367,Residential,Fri May 16 00:00:00 EDT 2008,249000,38.708966,-121.32467
9247 DELAIR WAY,ELK GROVE,95758,CA,4,3,1899,Residential,Fri May 16 00:00:00 EDT 2008,249000,38.422241,-121.458022
9054 DESCENDANT DR,ELK GROVE,95758,CA,3,2,1636,Residential,Fri May 16 00:00:00 EDT 2008,250000,38.428852,-121.415628
3450 WHITNOR CT,SACRAMENTO,95821,CA,3,2,1828,Residential,Fri May 16 00:00:00 EDT 2008,250000,38.627698,-121.369698
6288 LONETREE BLVD,ROCKLIN,95765,CA,0,0,0,Residential,Fri May 16 00:00:00 EDT 2008,250000,38.804993,-121.293609
9355 MATADOR WAY,SACRAMENTO,95826,CA,4,2,1438,Residential,Fri May 16 00:00:00 EDT 2008,252000,38.555633,-121.350691
8671 SUMMER SUN WAY,ELK GROVE,95624,CA,3,2,1451,Residential,Fri May 16 00:00:00 EDT 2008,255000,38.442845,-121.373272
1890 GENEVA PL,SACRAMENTO,95825,CA,3,1,1520,Residential,Fri May 16 00:00:00 EDT 2008,255000,38.599449,-121.400305
1813 AVENIDA MARTINA,ROSEVILLE,95747,CA,3,2,1506,Residential,Fri May 16 00:00:00 EDT 2008,255000,38.776649,-121.339589
191 BARNHART CIR,SACRAMENTO,95835,CA,4,2,2605,Residential,Fri May 16 00:00:00 EDT 2008,257200,38.675594,-121.515878
6221 GREEN TOP WAY,ORANGEVALE,95662,CA,3,2,1196,Residential,Fri May 16 00:00:00 EDT 2008,260000,38.679409,-121.219107
2298 PRIMROSE LN,LINCOLN,95648,CA,3,2,1621,Residential,Fri May 16 00:00:00 EDT 2008,260000,38.89918,-121.322514
5635 LOS PUEBLOS WAY,SACRAMENTO,95835,CA,3,2,1811,Residential,Fri May 16 00:00:00 EDT 2008,263500,38.679191,-121.537622
10165 LOFTON WAY,ELK GROVE,95757,CA,3,2,1540,Residential,Fri May 16 00:00:00 EDT 2008,266510,38.387708,-121.436522
1251 GREEN RAVINE DR,LINCOLN,95648,CA,4,2,0,Residential,Fri May 16 00:00:00 EDT 2008,267750,38.88156,-121.301343
6001 SHOO FLY RD,PLACERVILLE,95667,CA,0,0,0,Residential,Fri May 16 00:00:00 EDT 2008,270000,38.813546,-120.809254
3040 PARKHAM DR,ROSEVILLE,95747,CA,0,0,0,Residential,Fri May 16 00:00:00 EDT 2008,271000,38.770835,-121.366996
2674 TAM O SHANTER DR,EL DORADO HILLS,95762,CA,4,2,0,Residential,Fri May 16 00:00:00 EDT 2008,272700,38.695801,-121.079216
6007 MARYBELLE LN,SHINGLE SPRINGS,95682,CA,0,0,0,Unkown,Fri May 16 00:00:00 EDT 2008,275000,38.64347,-120.888183
9949 NESTLING CIR,ELK GROVE,95757,CA,3,2,1543,Residential,Fri May 16 00:00:00 EDT 2008,275000,38.397455,-121.468391
2915 HOLDREGE WAY,SACRAMENTO,95835,CA,5,3,2494,Residential,Fri May 16 00:00:00 EDT 2008,276000,38.663728,-121.525833
2678 BRIARTON DR,LINCOLN,95648,CA,3,2,1650,Residential,Fri May 16 00:00:00 EDT 2008,276500,38.844116,-121.274806
294 SPARROW DR,GALT,95632,CA,4,3,2214,Residential,Fri May 16 00:00:00 EDT 2008,278000,38.258976,-121.321266
2987 DIORITE WAY,SACRAMENTO,95835,CA,5,3,2280,Residential,Fri May 16 00:00:00 EDT 2008,279000,38.667332,-121.528276
6326 APPIAN WAY,CARMICHAEL,95608,CA,3,2,1443,Residential,Fri May 16 00:00:00 EDT 2008,280000,38.66266,-121.316858
6905 COBALT WAY,CITRUS HEIGHTS,95621,CA,4,2,1582,Residential,Fri May 16 00:00:00 EDT 2008,280000,38.691393,-121.305215
8986 HAFLINGER WAY,ELK GROVE,95757,CA,3,2,1857,Residential,Fri May 16 00:00:00 EDT 2008,285000,38.397923,-121.450219
2916 BABSON DR,ELK GROVE,95758,CA,3,2,1735,Residential,Fri May 16 00:00:00 EDT 2008,288000,38.417191,-121.473897
10133 NEBBIOLO CT,ELK GROVE,95624,CA,4,3,2096,Residential,Fri May 16 00:00:00 EDT 2008,289000,38.391085,-121.347231
1103 COMMONS DR,SACRAMENTO,95825,CA,3,2,1720,Residential,Fri May 16 00:00:00 EDT 2008,290000,38.567865,-121.410699
4636 TEAL BAY CT,ANTELOPE,95843,CA,4,2,2160,Residential,Fri May 16 00:00:00 EDT 2008,290000,38.704554,-121.354753
1524 YOUNGS AVE,SACRAMENTO,95838,CA,4,2,1382,Residential,Fri May 16 00:00:00 EDT 2008,293996,38.644927,-121.43054
865 CONRAD CT,PLACERVILLE,95667,CA,3,2,0,Residential,Fri May 16 00:00:00 EDT 2008,294000,38.729993,-120.802458
8463 TERRACOTTA CT,ELK GROVE,95624,CA,4,2,1721,Residential,Fri May 16 00:00:00 EDT 2008,294173,38.450548,-121.363002
5747 KING RD,LOOMIS,95650,CA,4,2,1328,Residential,Fri May 16 00:00:00 EDT 2008,295000,38.825096,-121.198432
8253 KEEGAN WAY,ELK GROVE,95624,CA,0,0,0,Residential,Fri May 16 00:00:00 EDT 2008,298000,38.446286,-121.400817
9204 TROUT WAY,ELK GROVE,95624,CA,4,2,1982,Residential,Fri May 16 00:00:00 EDT 2008,298000,38.422221,-121.375799
1828 2ND AVE,SACRAMENTO,95818,CA,2,1,1144,Residential,Fri May 16 00:00:00 EDT 2008,299000,38.556844,-121.490769
1113 COMMONS DR,SACRAMENTO,95825,CA,2,2,1623,Residential,Fri May 16 00:00:00 EDT 2008,300000,38.567795,-121.410703
2341 BIG STRIKE TRL,COOL,95614,CA,3,2,1457,Residential,Fri May 16 00:00:00 EDT 2008,300000,38.905927,-120.975169
9452 RED SPRUCE WAY,ELK GROVE,95624,CA,6,3,2555,Residential,Fri May 16 00:00:00 EDT 2008,300000,38.404505,-121.346938
5776 TERRACE DR,ROCKLIN,95765,CA,3,2,1577,Residential,Fri May 16 00:00:00 EDT 2008,300567,38.800539,-121.260979
5908 MCLEAN DR,ELK GROVE,95757,CA,5,3,2592,Residential,Fri May 16 00:00:00 EDT 2008,303000,38.38912,-121.434389
8215 PEREGRINE WAY,CITRUS HEIGHTS,95610,CA,3,2,1401,Residential,Fri May 16 00:00:00 EDT 2008,305000,38.715493,-121.26293
1104 HILLSDALE LN,LINCOLN,95648,CA,4,2,0,Residential,Fri May 16 00:00:00 EDT 2008,306000,38.865017,-121.32302
2949 PANAMA AVE,CARMICHAEL,95608,CA,3,2,1502,Residential,Fri May 16 00:00:00 EDT 2008,310000,38.618369,-121.326187
1356 HARTLEY WAY,FOLSOM,95630,CA,3,2,1327,Residential,Fri May 16 00:00:00 EDT 2008,310000,38.651617,-121.131674
633 HANISCH DR,ROSEVILLE,95678,CA,4,3,1800,Residential,Fri May 16 00:00:00 EDT 2008,310000,38.76349,-121.275881
63 ANGEL ISLAND CIR,SACRAMENTO,95831,CA,4,2,2169,Residential,Fri May 16 00:00:00 EDT 2008,311518,38.490408,-121.547664
1571 WILD OAK LN,LINCOLN,95648,CA,5,3,2457,Residential,Fri May 16 00:00:00 EDT 2008,312000,38.844144,-121.274174
5222 COPPER SUNSET WAY,RANCHO CORDOVA,95742,CA,0,0,0,Residential,Fri May 16 00:00:00 EDT 2008,313000,38.529181,-121.224755
5601 SPINDRIFT LN,ORANGEVALE,95662,CA,4,2,2004,Residential,Fri May 16 00:00:00 EDT 2008,315000,38.668289,-121.192316
652 FIFTEEN MILE DR,ROSEVILLE,95678,CA,4,3,2212,Residential,Fri May 16 00:00:00 EDT 2008,315000,38.775872,-121.298864
7921 DOE TRAIL WAY,ANTELOPE,95843,CA,5,3,3134,Residential,Fri May 16 00:00:00 EDT 2008,315000,38.711927,-121.343608
4204 LUSK DR,SACRAMENTO,95864,CA,3,2,1360,Residential,Fri May 16 00:00:00 EDT 2008,315000,38.606569,-121.368424
5321 DELTA DR,ROCKLIN,95765,CA,4,2,0,Residential,Fri May 16 00:00:00 EDT 2008,315000,38.815493,-121.262908
5608 ROSEDALE WAY,SACRAMENTO,95822,CA,3,2,1276,Residential,Fri May 16 00:00:00 EDT 2008,320000,38.525115,-121.518689
3372 BERETANIA WAY,SACRAMENTO,95834,CA,4,3,2962,Residential,Fri May 16 00:00:00 EDT 2008,322000,38.64977,-121.53448
2422 STEFANIE DR,ROCKLIN,95765,CA,4,2,1888,Residential,Fri May 16 00:00:00 EDT 2008,325000,38.82273,-121.26424
3232 PARKHAM DR,ROSEVILLE,95747,CA,0,0,0,Residential,Fri May 16 00:00:00 EDT 2008,325500,38.772821,-121.364821
448 ELMWOOD CT,ROSEVILLE,95678,CA,3,2,0,Residential,Fri May 16 00:00:00 EDT 2008,326951,38.771917,-121.304439
1214 DAWNWOOD DR,GALT,95632,CA,3,2,1548,Residential,Fri May 16 00:00:00 EDT 2008,328370,38.290119,-121.286023
1440 EMERALD LN,LINCOLN,95648,CA,2,2,0,Residential,Fri May 16 00:00:00 EDT 2008,330000,38.861864,-121.267478
3349 CORVINA DR,RANCHO CORDOVA,95670,CA,4,3,2109,Residential,Fri May 16 00:00:00 EDT 2008,330000,38.580545,-121.279016
10254 JULIANA WAY,SACRAMENTO,95827,CA,4,2,2484,Residential,Fri May 16 00:00:00 EDT 2008,331200,38.56803,-121.309966
149 OPUS CIR,SACRAMENTO,95834,CA,4,3,2258,Residential,Fri May 16 00:00:00 EDT 2008,332000,38.6354,-121.53499
580 REGENCY PARK CIR,SACRAMENTO,95835,CA,3,3,2212,Residential,Fri May 16 00:00:00 EDT 2008,334000,38.674864,-121.4958
5544 CAMAS CT,ORANGEVALE,95662,CA,3,2,1616,Residential,Fri May 16 00:00:00 EDT 2008,335000,38.667703,-121.209456
5102 ARCHCREST WAY,SACRAMENTO,95835,CA,4,2,2372,Residential,Fri May 16 00:00:00 EDT 2008,341000,38.66841,-121.494639
5725 BALFOR RD,ROCKLIN,95765,CA,5,3,2606,Residential,Fri May 16 00:00:00 EDT 2008,346375,38.807816,-121.270008
7697 ROSEHALL DR,ROSEVILLE,95678,CA,5,3,0,Residential,Fri May 16 00:00:00 EDT 2008,347225,38.79218,-121.28595
4821 HUTSON WAY,ELK GROVE,95757,CA,5,3,2877,Residential,Fri May 16 00:00:00 EDT 2008,349000,38.386239,-121.448159
4509 WINJE DR,ANTELOPE,95843,CA,3,2,2960,Residential,Fri May 16 00:00:00 EDT 2008,350000,38.709513,-121.359357
1965 LAURELHURST LN,LINCOLN,95648,CA,2,2,0,Residential,Fri May 16 00:00:00 EDT 2008,350000,38.853869,-121.271742
6709 ROSE BRIDGE DR,ROSEVILLE,95678,CA,3,2,2172,Residential,Fri May 16 00:00:00 EDT 2008,350000,38.792461,-121.275711
281 SPYGLASS HL,ROSEVILLE,95678,CA,3,2,2100,Condo,Fri May 16 00:00:00 EDT 2008,350000,38.762153,-121.283451
7709 RIVER VILLAGE DR,SACRAMENTO,95831,CA,3,2,1795,Residential,Fri May 16 00:00:00 EDT 2008,351000,38.483212,-121.54019
4165 BRISBANE CIR,EL DORADO HILLS,95762,CA,3,2,0,Residential,Fri May 16 00:00:00 EDT 2008,356200,38.686067,-121.073413
506 BEDFORD CT,ROSEVILLE,95661,CA,4,2,2295,Residential,Fri May 16 00:00:00 EDT 2008,360000,38.733985,-121.236766
9048 PINTO CANYON WAY,ROSEVILLE,95747,CA,4,3,2577,Residential,Fri May 16 00:00:00 EDT 2008,367463,38.792493,-121.331899
2274 IVY BRIDGE DR,ROSEVILLE,95747,CA,0,0,0,Residential,Fri May 16 00:00:00 EDT 2008,375000,38.778561,-121.362008
14004 WALNUT AVE,WALNUT GROVE,95690,CA,3,1,1727,Residential,Fri May 16 00:00:00 EDT 2008,380000,38.247659,-121.515129
6905 FRANKFORT CT,ELK GROVE,95758,CA,3,2,1485,Residential,Fri May 16 00:00:00 EDT 2008,380578,38.429139,-121.423444
3621 WINTUN DR,CARMICHAEL,95608,CA,3,2,1655,Residential,Fri May 16 00:00:00 EDT 2008,386222,38.629929,-121.323086
201 KIRKLAND CT,LINCOLN,95648,CA,0,0,0,Residential,Fri May 16 00:00:00 EDT 2008,389000,38.867125,-121.319085
12075 APPLESBURY CT,RANCHO CORDOVA,95742,CA,0,0,0,Residential,Fri May 16 00:00:00 EDT 2008,390000,38.5357,-121.2249
1975 SIDESADDLE WAY,ROSEVILLE,95661,CA,3,2,2049,Residential,Fri May 16 00:00:00 EDT 2008,395500,38.737872,-121.249025
5420 ALMOND FALLS WAY,RANCHO CORDOVA,95742,CA,0,0,0,Residential,Fri May 16 00:00:00 EDT 2008,396000,38.527384,-121.233531
9677 PILLITERI CT,ELK GROVE,95757,CA,5,3,2875,Residential,Fri May 16 00:00:00 EDT 2008,397000,38.405571,-121.445186
1515 EL CAMINO VERDE DR,LINCOLN,95648,CA,0,0,0,Residential,Fri May 16 00:00:00 EDT 2008,400000,38.904869,-121.32075
556 PLATT CIR,EL DORADO HILLS,95762,CA,4,2,2199,Residential,Fri May 16 00:00:00 EDT 2008,400000,38.656299,-121.079783
1792 DIAMOND WOODS CIR,ROSEVILLE,95747,CA,4,3,0,Residential,Fri May 16 00:00:00 EDT 2008,412500,38.808581,-121.32785
1124 PERKINS WAY,SACRAMENTO,95818,CA,2,1,1304,Residential,Fri May 16 00:00:00 EDT 2008,413500,38.551611,-121.504437
4748 SALEM WAY,CARMICHAEL,95608,CA,3,2,2334,Residential,Fri May 16 00:00:00 EDT 2008,415000,38.634111,-121.353376
1484 RADCLIFFE WAY,AUBURN,95603,CA,4,3,2278,Residential,Fri May 16 00:00:00 EDT 2008,420454,38.935579,-121.079018
51 AIKEN WAY,SACRAMENTO,95819,CA,3,1,1493,Residential,Fri May 16 00:00:00 EDT 2008,425000,38.579326,-121.44252
2818 KNOLLWOOD DR,CAMERON PARK,95682,CA,3,2,0,Residential,Fri May 16 00:00:00 EDT 2008,425000,38.669805,-120.999007
1536 STONEY CROSS LN,LINCOLN,95648,CA,0,0,0,Residential,Fri May 16 00:00:00 EDT 2008,433500,38.860007,-121.310946
509 CASTILLIAN CT,ROSEVILLE,95747,CA,5,3,0,Residential,Fri May 16 00:00:00 EDT 2008,438000,38.804773,-121.341195
700 HUNTER PL,FOLSOM,95630,CA,5,3,2787,Residential,Fri May 16 00:00:00 EDT 2008,441000,38.66051,-121.163689
1240 FAY CIR,SACRAMENTO,95831,CA,5,3,2824,Residential,Fri May 16 00:00:00 EDT 2008,445000,38.506371,-121.514456
1113 SANDWICK WAY,FOLSOM,95630,CA,4,3,3261,Residential,Fri May 16 00:00:00 EDT 2008,446000,38.673882,-121.105077
3108 DELWOOD WAY,SACRAMENTO,95821,CA,4,2,2053,Residential,Fri May 16 00:00:00 EDT 2008,450000,38.621566,-121.370882
3212 CORNICHE LN,ROSEVILLE,95661,CA,4,3,2379,Residential,Fri May 16 00:00:00 EDT 2008,455000,38.750577,-121.232768
2159 BECKETT DR,EL DORADO HILLS,95762,CA,3,2,0,Residential,Fri May 16 00:00:00 EDT 2008,460000,38.680092,-121.036467
4320 FOUR SEASONS RD,PLACERVILLE,95667,CA,3,2,0,Residential,Fri May 16 00:00:00 EDT 2008,475000,38.690867,-120.693641
6401 MARSHALL RD,GARDEN VALLEY,95633,CA,3,2,0,Residential,Fri May 16 00:00:00 EDT 2008,490000,38.84255,-120.8754
2089 BECKETT DR,EL DORADO HILLS,95762,CA,4,2,0,Residential,Fri May 16 00:00:00 EDT 2008,493000,38.681778,-121.035838
6196 EDGEHILL DR,EL DORADO HILLS,95762,CA,5,4,0,Residential,Fri May 16 00:00:00 EDT 2008,508000,38.676131,-121.038931
200 HILLSFORD CT,ROSEVILLE,95747,CA,0,0,0,Residential,Fri May 16 00:00:00 EDT 2008,511000,38.780051,-121.378718
8217 PLUMERIA AVE,FAIR OAKS,95628,CA,3,2,3173,Residential,Fri May 16 00:00:00 EDT 2008,525000,38.650735,-121.258628
4841 VILLAGE GREEN DR,EL DORADO HILLS,95762,CA,4,3,0,Residential,Fri May 16 00:00:00 EDT 2008,533000,38.664066,-121.056735
3863 LAS PASAS WAY,SACRAMENTO,95864,CA,3,1,1348,Residential,Fri May 16 00:00:00 EDT 2008,545000,38.588936,-121.373606
820 DANA CT,AUBURN,95603,CA,4,3,0,Residential,Fri May 16 00:00:00 EDT 2008,560000,38.865246,-121.094869
1165 37TH ST,SACRAMENTO,95816,CA,2,1,1252,Residential,Fri May 16 00:00:00 EDT 2008,575000,38.568438,-121.457854
203 CASCADE FALLS DR,FOLSOM,95630,CA,4,3,3229,Residential,Fri May 16 00:00:00 EDT 2008,575000,38.703962,-121.1871
9880 IZILDA CT,SACRAMENTO,95829,CA,5,4,3863,Residential,Fri May 16 00:00:00 EDT 2008,598695,38.45326,-121.32573
1800 AVONDALE DR,ROSEVILLE,95747,CA,5,3,0,Residential,Fri May 16 00:00:00 EDT 2008,600000,38.798448,-121.344054
4620 BROMWICH CT,ROCKLIN,95677,CA,4,3,0,Residential,Fri May 16 00:00:00 EDT 2008,600000,38.772672,-121.220232
620 KESWICK CT,GRANITE BAY,95746,CA,4,3,2356,Residential,Fri May 16 00:00:00 EDT 2008,600000,38.732096,-121.219142
4478 GREENBRAE RD,ROCKLIN,95677,CA,0,0,0,Residential,Fri May 16 00:00:00 EDT 2008,600000,38.781134,-121.222801
8432 BRIGGS DR,ROSEVILLE,95747,CA,5,3,3579,Residential,Fri May 16 00:00:00 EDT 2008,610000,38.78861,-121.339495
200 CRADLE MOUNTAIN CT,EL DORADO HILLS,95762,CA,0,0,0,Residential,Fri May 16 00:00:00 EDT 2008,622500,38.6478,-121.0309
2065 IMPRESSIONIST WAY,EL DORADO HILLS,95762,CA,0,0,0,Residential,Fri May 16 00:00:00 EDT 2008,680000,38.682961,-121.033253
2982 ABERDEEN LN,EL DORADO HILLS,95762,CA,4,3,0,Residential,Fri May 16 00:00:00 EDT 2008,879000,38.706692,-121.058869
9401 BARREL RACER CT,WILTON,95693,CA,4,3,4400,Residential,Fri May 16 00:00:00 EDT 2008,884790,38.415298,-121.194858
3720 VISTA DE MADERA,LINCOLN,95648,CA,3,3,0,Residential,Fri May 16 00:00:00 EDT 2008,1551,38.851645,-121.231742
14151 INDIO DR,SLOUGHHOUSE,95683,CA,3,4,5822,Residential,Fri May 16 00:00:00 EDT 2008,2000,38.490447,-121.129337
7401 TOULON LN,SACRAMENTO,95828,CA,4,2,1512,Residential,Thu May 15 00:00:00 EDT 2008,56950,38.488628,-121.387759
9127 NEWHALL DR Unit 34,SACRAMENTO,95826,CA,1,1,611,Condo,Thu May 15 00:00:00 EDT 2008,60000,38.542419,-121.359904
5937 BAMFORD DR,SACRAMENTO,95823,CA,2,1,876,Residential,Thu May 15 00:00:00 EDT 2008,61000,38.471139,-121.432255
5672 HILLSDALE BLVD,SACRAMENTO,95842,CA,2,1,933,Condo,Thu May 15 00:00:00 EDT 2008,62000,38.670467,-121.359799
3920 39TH ST,SACRAMENTO,95820,CA,2,1,864,Residential,Thu May 15 00:00:00 EDT 2008,68566,38.539213,-121.46393
701 JESSIE AVE,SACRAMENTO,95838,CA,2,1,1011,Residential,Thu May 15 00:00:00 EDT 2008,70000,38.643978,-121.449562
83 ARCADE BLVD,SACRAMENTO,95815,CA,4,2,1158,Residential,Thu May 15 00:00:00 EDT 2008,80000,38.618716,-121.466327
601 REGGINALD WAY,SACRAMENTO,95838,CA,3,2,1092,Residential,Thu May 15 00:00:00 EDT 2008,85500,38.64472,-121.452228
550 DEL VERDE CIR,SACRAMENTO,95833,CA,2,1,956,Condo,Thu May 15 00:00:00 EDT 2008,92000,38.627147,-121.500799
4113 DAYSTAR CT,SACRAMENTO,95824,CA,2,2,1139,Residential,Thu May 15 00:00:00 EDT 2008,93600,38.520469,-121.458606
7374 TISDALE WAY,SACRAMENTO,95822,CA,3,1,1058,Residential,Thu May 15 00:00:00 EDT 2008,95000,38.488238,-121.472561
3348 RIO LINDA BLVD,SACRAMENTO,95838,CA,3,2,1040,Residential,Thu May 15 00:00:00 EDT 2008,97750,38.628842,-121.446127
3935 LIMESTONE WAY,SACRAMENTO,95823,CA,3,2,1354,Residential,Thu May 15 00:00:00 EDT 2008,104000,38.484374,-121.463157
6208 GRATTAN WAY,NORTH HIGHLANDS,95660,CA,3,1,1051,Residential,Thu May 15 00:00:00 EDT 2008,105000,38.679279,-121.376615
739 E WOODSIDE LN Unit E,SACRAMENTO,95825,CA,1,1,682,Condo,Thu May 15 00:00:00 EDT 2008,107666,38.578675,-121.409951
4225 46TH AVE,SACRAMENTO,95824,CA,3,1,1161,Residential,Thu May 15 00:00:00 EDT 2008,109000,38.511893,-121.457676
1434 BELL AVE,SACRAMENTO,95838,CA,3,1,1004,Residential,Thu May 15 00:00:00 EDT 2008,110000,38.647398,-121.432914
5628 GEORGIA DR,NORTH HIGHLANDS,95660,CA,3,1,1229,Residential,Thu May 15 00:00:00 EDT 2008,110000,38.669587,-121.379879
7629 BETH ST,SACRAMENTO,95832,CA,3,2,1249,Residential,Thu May 15 00:00:00 EDT 2008,112500,38.480126,-121.487869
2277 BABETTE WAY,SACRAMENTO,95832,CA,3,2,1161,Residential,Thu May 15 00:00:00 EDT 2008,114800,38.479593,-121.48434
6561 WEATHERFORD WAY,SACRAMENTO,95823,CA,3,1,1010,Residential,Thu May 15 00:00:00 EDT 2008,116000,38.465551,-121.42661
3035 ESTEPA DR Unit 5C,CAMERON PARK,95682,CA,0,0,0,Condo,Thu May 15 00:00:00 EDT 2008,119000,38.681393,-120.996713
5136 CABOT CIR,SACRAMENTO,95820,CA,4,2,1462,Residential,Thu May 15 00:00:00 EDT 2008,121500,38.528479,-121.411806
7730 ROBINETTE RD,SACRAMENTO,95828,CA,3,2,1269,Residential,Thu May 15 00:00:00 EDT 2008,122000,38.47709,-121.410569
87 LACAM CIR,SACRAMENTO,95820,CA,2,2,1188,Residential,Thu May 15 00:00:00 EDT 2008,123675,38.532359,-121.41167
1691 NOGALES ST,SACRAMENTO,95838,CA,4,2,1570,Residential,Thu May 15 00:00:00 EDT 2008,126854,38.631925,-121.427775
3118 42ND ST,SACRAMENTO,95817,CA,3,2,1093,Residential,Thu May 15 00:00:00 EDT 2008,127059,38.546091,-121.457745
7517 50TH AVE,SACRAMENTO,95828,CA,3,1,962,Residential,Thu May 15 00:00:00 EDT 2008,128687,38.507339,-121.416267
4071 EVALITA WAY,SACRAMENTO,95823,CA,3,2,1089,Residential,Thu May 15 00:00:00 EDT 2008,129500,38.466388,-121.458861
7928 36TH AVE,SACRAMENTO,95824,CA,3,2,1127,Residential,Thu May 15 00:00:00 EDT 2008,130000,38.52049,-121.411383
6631 DEMARET DR,SACRAMENTO,95822,CA,4,2,1309,Residential,Thu May 15 00:00:00 EDT 2008,131750,38.506382,-121.483574
7043 9TH AVE,RIO LINDA,95673,CA,2,1,970,Residential,Thu May 15 00:00:00 EDT 2008,132000,38.695589,-121.444133
97 KENNELFORD CIR,SACRAMENTO,95823,CA,3,2,1144,Residential,Thu May 15 00:00:00 EDT 2008,134000,38.462376,-121.426556
2636 TRONERO WAY,RANCHO CORDOVA,95670,CA,3,1,1000,Residential,Thu May 15 00:00:00 EDT 2008,134000,38.593049,-121.30304
1530 TOPANGA LN Unit 204,LINCOLN,95648,CA,0,0,0,Condo,Thu May 15 00:00:00 EDT 2008,138000,38.88415,-121.270277
3604 KODIAK WAY,ANTELOPE,95843,CA,3,2,1206,Residential,Thu May 15 00:00:00 EDT 2008,142000,38.706175,-121.379776
2149 COTTAGE WAY,SACRAMENTO,95825,CA,3,1,1285,Residential,Thu May 15 00:00:00 EDT 2008,143012,38.603593,-121.417011
8632 PRAIRIEWOODS DR,SACRAMENTO,95828,CA,3,2,1543,Residential,Thu May 15 00:00:00 EDT 2008,145846,38.477563,-121.384382
612 STONE BLVD,WEST SACRAMENTO,95691,CA,2,1,884,Residential,Thu May 15 00:00:00 EDT 2008,147000,38.563084,-121.535579
4180 12TH AVE,SACRAMENTO,95817,CA,3,1,1019,Residential,Thu May 15 00:00:00 EDT 2008,148750,38.54117,-121.458129
8025 ARROYO VISTA DR,SACRAMENTO,95823,CA,4,2,1392,Residential,Thu May 15 00:00:00 EDT 2008,150000,38.46654,-121.419029
5754 WALERGA RD Unit 4,SACRAMENTO,95842,CA,2,1,924,Condo,Thu May 15 00:00:00 EDT 2008,150454,38.672567,-121.356754
8 LA ROCAS CT,SACRAMENTO,95823,CA,3,2,1217,Residential,Thu May 15 00:00:00 EDT 2008,151087,38.46616,-121.448283
8636 LONGSPUR WAY,ANTELOPE,95843,CA,3,2,1670,Residential,Thu May 15 00:00:00 EDT 2008,157296,38.725873,-121.35856
1941 EXPEDITION WAY,SACRAMENTO,95832,CA,3,2,1302,Residential,Thu May 15 00:00:00 EDT 2008,157500,38.473775,-121.493777
4351 TURNBRIDGE DR,SACRAMENTO,95823,CA,3,2,1488,Residential,Thu May 15 00:00:00 EDT 2008,160000,38.502034,-121.456027
6513 HOLIDAY WAY,NORTH HIGHLANDS,95660,CA,3,2,1373,Residential,Thu May 15 00:00:00 EDT 2008,160000,38.685361,-121.376938
8321 MISTLETOE WAY,CITRUS HEIGHTS,95621,CA,4,2,1381,Residential,Thu May 15 00:00:00 EDT 2008,161250,38.717738,-121.308322
5920 VALLEY GLEN WAY,SACRAMENTO,95823,CA,3,2,1265,Residential,Thu May 15 00:00:00 EDT 2008,164000,38.462821,-121.433135
2601 SAN FERNANDO WAY,SACRAMENTO,95818,CA,2,1,881,Residential,Thu May 15 00:00:00 EDT 2008,165000,38.556178,-121.476256
501 POPLAR AVE,WEST SACRAMENTO,95691,CA,0,0,0,Residential,Thu May 15 00:00:00 EDT 2008,165000,38.584526,-121.534609
8008 SAINT HELENA CT,SACRAMENTO,95829,CA,4,2,1608,Residential,Thu May 15 00:00:00 EDT 2008,165750,38.467012,-121.359969
6517 DONEGAL DR,CITRUS HEIGHTS,95621,CA,3,1,1344,Residential,Thu May 15 00:00:00 EDT 2008,166000,38.681554,-121.312934
1001 RIO NORTE WAY,SACRAMENTO,95834,CA,3,2,1202,Residential,Thu May 15 00:00:00 EDT 2008,169000,38.634292,-121.485106
604 P ST,LINCOLN,95648,CA,3,2,1104,Residential,Thu May 15 00:00:00 EDT 2008,170000,38.893168,-121.305398
10001 WOODCREEK OAKS BLVD Unit 815,ROSEVILLE,95747,CA,2,2,0,Condo,Thu May 15 00:00:00 EDT 2008,170000,38.795529,-121.328819
7351 GIGI PL,SACRAMENTO,95828,CA,4,2,1859,Multi-Family,Thu May 15 00:00:00 EDT 2008,170000,38.490606,-121.410173
7740 DIXIE LOU ST,SACRAMENTO,95832,CA,3,2,1232,Residential,Thu May 15 00:00:00 EDT 2008,170000,38.475853,-121.477039
7342 DAVE ST,SACRAMENTO,95828,CA,3,1,1638,Residential,Thu May 15 00:00:00 EDT 2008,170725,38.490822,-121.401643
7687 HOWERTON DR,SACRAMENTO,95831,CA,2,2,1177,Residential,Thu May 15 00:00:00 EDT 2008,171750,38.480859,-121.539745
26 KAMSON CT,SACRAMENTO,95833,CA,3,2,1582,Residential,Thu May 15 00:00:00 EDT 2008,172000,38.622794,-121.499173
7045 PEEVEY CT,SACRAMENTO,95823,CA,2,2,904,Residential,Thu May 15 00:00:00 EDT 2008,173056,38.502254,-121.451444
8916 GABLES MILL PL,ELK GROVE,95758,CA,3,2,1340,Residential,Thu May 15 00:00:00 EDT 2008,174000,38.433919,-121.422347
1140 EDMONTON DR,SACRAMENTO,95833,CA,3,2,1204,Residential,Thu May 15 00:00:00 EDT 2008,174250,38.62457,-121.486913
8879 APPLE PEAR CT,ELK GROVE,95624,CA,4,2,1477,Residential,Thu May 15 00:00:00 EDT 2008,176850,38.44574,-121.3725
9 WIND CT,SACRAMENTO,95823,CA,4,2,1497,Residential,Thu May 15 00:00:00 EDT 2008,179500,38.45073,-121.427528
8570 SHERATON DR,FAIR OAKS,95628,CA,3,1,960,Residential,Thu May 15 00:00:00 EDT 2008,185000,38.667254,-121.240708
1550 TOPANGA LN Unit 207,LINCOLN,95648,CA,0,0,0,Condo,Thu May 15 00:00:00 EDT 2008,188000,38.88417,-121.270222
1080 RIO NORTE WAY,SACRAMENTO,95834,CA,3,2,1428,Residential,Thu May 15 00:00:00 EDT 2008,188700,38.634335,-121.486098
5501 VALLETTA WAY,SACRAMENTO,95820,CA,3,1,1039,Residential,Thu May 15 00:00:00 EDT 2008,189000,38.530144,-121.43749
5624 MEMORY LN,FAIR OAKS,95628,CA,3,1,1529,Residential,Thu May 15 00:00:00 EDT 2008,189000,38.66745,-121.2364
6622 WILLOWLEAF DR,CITRUS HEIGHTS,95621,CA,4,3,1892,Residential,Thu May 15 00:00:00 EDT 2008,189836,38.699714,-121.311635
27 MEGAN CT,SACRAMENTO,95838,CA,4,2,1887,Residential,Thu May 15 00:00:00 EDT 2008,190000,38.649258,-121.465308
6601 WOODMORE OAKS DR,ORANGEVALE,95662,CA,3,2,1294,Residential,Thu May 15 00:00:00 EDT 2008,191250,38.687006,-121.254319
1973 DANVERS WAY,SACRAMENTO,95832,CA,3,2,1638,Residential,Thu May 15 00:00:00 EDT 2008,191675,38.477568,-121.492574
8001 ARROYO VISTA DR,SACRAMENTO,95823,CA,3,2,1677,Residential,Thu May 15 00:00:00 EDT 2008,195500,38.46734,-121.419843
7409 VOYAGER WAY,CITRUS HEIGHTS,95621,CA,3,1,1073,Residential,Thu May 15 00:00:00 EDT 2008,198000,38.700717,-121.3133
815 CROSSWIND DR,SACRAMENTO,95838,CA,3,2,1231,Residential,Thu May 15 00:00:00 EDT 2008,200000,38.651386,-121.45042
5509 LAGUNA CREST WAY,ELK GROVE,95758,CA,3,2,1175,Residential,Thu May 15 00:00:00 EDT 2008,200000,38.42442,-121.440357
8424 MERRY HILL WAY,ELK GROVE,95624,CA,3,2,1416,Residential,Thu May 15 00:00:00 EDT 2008,200000,38.452075,-121.366461
1525 PENNSYLVANIA AVE,WEST SACRAMENTO,95691,CA,0,0,0,Residential,Thu May 15 00:00:00 EDT 2008,200100,38.569943,-121.527539
5954 BRIDGECROSS DR,SACRAMENTO,95835,CA,3,2,1358,Residential,Thu May 15 00:00:00 EDT 2008,201528,38.68197,-121.500025
8789 SEQUOIA WOOD CT,ELK GROVE,95624,CA,4,2,1609,Residential,Thu May 15 00:00:00 EDT 2008,204750,38.438818,-121.37443
6600 SILVERTHORNE CIR,SACRAMENTO,95842,CA,4,3,1968,Residential,Thu May 15 00:00:00 EDT 2008,205000,38.68607,-121.342369
2221 2ND AVE,SACRAMENTO,95818,CA,2,2,1089,Residential,Thu May 15 00:00:00 EDT 2008,205000,38.555781,-121.485331
3230 SMATHERS WAY,CARMICHAEL,95608,CA,3,2,1296,Residential,Thu May 15 00:00:00 EDT 2008,205900,38.623372,-121.347665
5209 LAGUNA CREST WAY,ELK GROVE,95758,CA,2,2,1189,Residential,Thu May 15 00:00:00 EDT 2008,207000,38.424421,-121.443915
416 LEITCH AVE,SACRAMENTO,95815,CA,2,1,795,Residential,Thu May 15 00:00:00 EDT 2008,207973,38.612694,-121.456669
2100 BEATTY WAY,ROSEVILLE,95747,CA,3,2,1371,Residential,Thu May 15 00:00:00 EDT 2008,208250,38.737882,-121.308142
6920 GILLINGHAM WAY,NORTH HIGHLANDS,95660,CA,3,1,1310,Residential,Thu May 15 00:00:00 EDT 2008,208318,38.694279,-121.373395
82 WILDFLOWER DR,GALT,95632,CA,3,2,1262,Residential,Thu May 15 00:00:00 EDT 2008,209347,38.259708,-121.311616
8652 BANTON CIR,ELK GROVE,95624,CA,4,2,1740,Residential,Thu May 15 00:00:00 EDT 2008,211500,38.444,-121.370993
8428 MISTY PASS WAY,ANTELOPE,95843,CA,3,2,1517,Residential,Thu May 15 00:00:00 EDT 2008,212000,38.722959,-121.347115
7958 ROSEVIEW WAY,SACRAMENTO,95828,CA,3,2,1450,Residential,Thu May 15 00:00:00 EDT 2008,213000,38.467836,-121.410366
9020 LUKEN CT,ELK GROVE,95624,CA,3,2,1416,Residential,Thu May 15 00:00:00 EDT 2008,216000,38.451398,-121.366614
7809 VALLECITOS WAY,SACRAMENTO,95828,CA,3,1,888,Residential,Thu May 15 00:00:00 EDT 2008,216021,38.508217,-121.411207
8445 OLD AUBURN RD,CITRUS HEIGHTS,95610,CA,3,2,1882,Residential,Thu May 15 00:00:00 EDT 2008,219000,38.715423,-121.246743
10085 ATKINS DR,ELK GROVE,95757,CA,3,2,1302,Residential,Thu May 15 00:00:00 EDT 2008,219794,38.390893,-121.437821
9185 CERROLINDA CIR,ELK GROVE,95758,CA,3,2,1418,Residential,Thu May 15 00:00:00 EDT 2008,220000,38.424497,-121.426595
9197 CORTINA CIR,ROSEVILLE,95678,CA,3,2,0,Condo,Thu May 15 00:00:00 EDT 2008,220000,38.793152,-121.290025
5429 HESPER WAY,CARMICHAEL,95608,CA,4,2,1319,Residential,Thu May 15 00:00:00 EDT 2008,220000,38.665104,-121.315901
1178 WARMWOOD CT,GALT,95632,CA,4,2,1770,Residential,Thu May 15 00:00:00 EDT 2008,220000,38.289544,-121.284607
4900 ELUDE CT,SACRAMENTO,95842,CA,4,2,1627,Residential,Thu May 15 00:00:00 EDT 2008,223000,38.69674,-121.350519
3557 SODA WAY,SACRAMENTO,95834,CA,0,0,0,Residential,Thu May 15 00:00:00 EDT 2008,224000,38.631026,-121.501879
3528 SAINT GEORGE DR,SACRAMENTO,95821,CA,3,1,1040,Residential,Thu May 15 00:00:00 EDT 2008,224000,38.629468,-121.376445
7381 WASHBURN WAY,NORTH HIGHLANDS,95660,CA,3,1,960,Residential,Thu May 15 00:00:00 EDT 2008,224252,38.70355,-121.375103
2181 WINTERHAVEN CIR,CAMERON PARK,95682,CA,3,2,0,Residential,Thu May 15 00:00:00 EDT 2008,224500,38.69757,-120.995739
7540 HICKORY AVE,ORANGEVALE,95662,CA,3,1,1456,Residential,Thu May 15 00:00:00 EDT 2008,225000,38.703056,-121.235221
5024 CHAMBERLIN CIR,ELK GROVE,95757,CA,3,2,1450,Residential,Thu May 15 00:00:00 EDT 2008,228000,38.389756,-121.446246
2400 INVERNESS DR,LINCOLN,95648,CA,3,2,1358,Residential,Thu May 15 00:00:00 EDT 2008,229027,38.897814,-121.324691
5 BISHOPGATE CT,SACRAMENTO,95823,CA,4,2,1329,Residential,Thu May 15 00:00:00 EDT 2008,229500,38.467936,-121.445477
5601 REXLEIGH DR,SACRAMENTO,95823,CA,4,2,1715,Residential,Thu May 15 00:00:00 EDT 2008,230000,38.445342,-121.441504
1909 YARNELL WAY,ELK GROVE,95758,CA,3,2,1262,Residential,Thu May 15 00:00:00 EDT 2008,230000,38.417382,-121.484325
9169 GARLINGTON CT,SACRAMENTO,95829,CA,4,3,2280,Residential,Thu May 15 00:00:00 EDT 2008,232425,38.457679,-121.35962
6932 RUSKUT WAY,SACRAMENTO,95823,CA,3,2,1477,Residential,Thu May 15 00:00:00 EDT 2008,234000,38.499893,-121.45889
7933 DAFFODIL WAY,CITRUS HEIGHTS,95610,CA,3,2,1216,Residential,Thu May 15 00:00:00 EDT 2008,235000,38.708824,-121.256803
8304 RED FOX WAY,ELK GROVE,95758,CA,4,2,1685,Residential,Thu May 15 00:00:00 EDT 2008,235301,38.417,-121.397424
3882 YELLOWSTONE LN,EL DORADO HILLS,95762,CA,3,2,1362,Residential,Thu May 15 00:00:00 EDT 2008,235738,38.655245,-121.075915
